City_ID,City,Lat,Lng,Max Temp,Humidity,Cloudiness,Wind Speed,Country,Date
0,atuona,-9.8,-139.0333,26.13,76,22,7.43,P,1675829422
1,namatanai,-3.6667,152.4333,29.76,64,90,4.76,P,1675829423
2,hailar,49.2,119.7,-18.33,94,96,1.38,C,1675829423
3,nanortalik,60.1432,-45.2371,-15.45,75,11,7.06,G,1675829424
4,porto novo,6.4965,2.6036,25.24,86,96,1.89,B,1675829425
5,hobart,-42.8794,147.3294,19.59,65,75,5.66,A,1675829117
6,aguimes,27.9054,-15.4461,14.35,63,75,3.6,E,1675829427
7,ushuaia,-54.8,-68.3,8.79,91,99,3.44,A,1675829428
8,ledyard,41.4398,-72.0142,4.51,90,100,4.63,U,1675829431
9,cidreira,-30.1811,-50.2056,23.95,82,7,6.2,B,1675829432
10,lagoa,39.05,-27.9833,12.78,63,86,6.63,P,1675829432
11,alofi,-19.0595,-169.9187,27.39,72,100,5.14,N,1675829330
12,bluff,-46.6,168.3333,12.21,67,48,12.35,N,1675829433
13,qaanaaq,77.484,-69.3632,-31.97,67,7,2.68,G,1675829434
14,east london,-33.0153,27.9116,20.52,94,100,4.63,Z,1675829434
15,ugoofaaru,5.6667,73.0,27.04,67,22,2.73,M,1675829338
16,aklavik,68.2191,-135.0107,-28.96,96,100,3.53,C,1675828956
17,cape town,-33.9258,18.4232,21.06,76,20,7.6,Z,1675828951
18,ballina,-28.8667,153.5667,28.34,63,91,4.45,A,1675829267
19,busselton,-33.65,115.3333,27.3,43,0,1.74,A,1675829435
20,ivanava,52.1451,25.5365,-6.04,96,13,2.06,B,1675829436
21,sulangan,11.1373,123.7228,26.63,75,100,5.41,P,1675829437
22,souillac,-20.5167,57.5167,27.21,78,40,5.14,M,1675829437
23,havoysund,70.9963,24.6622,1.13,61,44,11.31,N,1675829437
24,rikitea,-23.1203,-134.9692,26.55,70,52,4.0,P,1675829438
25,la peca,-5.6111,-78.435,19.24,87,28,1.59,P,1675829438
26,bellingham,48.7595,-122.4882,7.24,79,100,2.68,U,1675829383
27,mataura,-46.1927,168.8643,14.21,52,57,5.35,N,1675829202
28,ponta do sol,32.6667,-17.1,15.35,64,34,3.58,P,1675829439
29,cayenne,4.9333,-52.3333,25.02,94,100,1.54,G,1675829439
30,dikson,73.5069,80.5464,-20.44,90,100,10.01,R,1675829440
31,bubaque,11.2833,-15.8333,24.01,63,5,5.73,G,1675829440
32,port-gentil,-0.7193,8.7815,27.04,80,94,4.27,G,1675829440
33,puerto ayora,-0.7393,-90.3518,25.86,92,44,1.79,E,1675829217
34,yellowknife,62.456,-114.3525,-19.69,83,100,2.68,C,1675829441
35,svarstad,59.399,9.9698,-0.66,95,63,1.27,N,1675829441
36,shagamu,6.8432,3.6478,24.48,89,95,0.64,N,1675829442
37,kapaa,22.0752,-159.319,25.99,85,75,7.2,U,1675829442
38,khatanga,71.9667,102.5,-43.9,100,63,1.4,R,1675829442
39,talnakh,69.4865,88.3972,-23.53,98,97,3.09,R,1675829443
40,quatre cocos,-20.2078,57.7625,27.06,78,43,7.15,M,1675829443
41,hermanus,-34.4187,19.2345,18.78,84,0,5.59,Z,1675829444
42,tuktoyaktuk,69.4541,-133.0374,-28.88,95,100,1.95,C,1675829445
43,lebu,-37.6167,-73.65,14.8,88,0,7.74,C,1675828716
44,nikolskoye,59.7035,30.7861,-1.06,86,100,4.34,R,1675829205
45,castro,-24.7911,-50.0119,16.06,96,53,2.2,B,1675828957
46,buraydah,26.326,43.975,11.44,46,100,3.29,S,1675829446
47,punta arenas,-53.15,-70.9167,13.06,71,0,6.69,C,1675829446
48,winsum,53.33,6.5208,0.99,92,100,2.61,N,1675829446
49,albany,42.6001,-73.9662,2.93,79,81,0.45,U,1675829447
50,vanimo,-2.6741,141.3028,25.43,94,100,4.05,P,1675829447
51,saint-philippe,-21.3585,55.7679,27.77,83,84,5.72,R,1675829448
52,victoria,22.2855,114.1577,20.54,83,96,5.81,H,1675829293
53,cacheu,12.2706,-16.1658,20.35,35,5,2.71,G,1675829448
54,kurumkan,54.3,110.3,-16.43,86,99,1.01,R,1675829448
55,viedma,-40.8135,-62.9967,19.19,62,34,3.84,A,1675829449
56,tuatapere,-46.1333,167.6833,12.59,67,59,7.16,N,1675829241
57,avarua,-21.2078,-159.775,29.03,70,46,5.14,C,1675829450
58,zhuanghe,39.7008,122.9911,2.51,27,0,2.38,C,1675829450
59,vidim,56.4088,103.1106,-12.0,93,100,2.76,R,1675829450
60,akyab,20.15,92.9,23.89,39,1,1.69,M,1675829451
61,glyadyanskoye,54.9075,65.0883,-27.98,100,100,1.15,R,1675829451
62,clyde river,70.4692,-68.5914,-35.47,98,90,1.25,C,1675829226
63,quimper,48.0,-4.1,2.31,80,0,2.57,F,1675829452
64,jamestown,42.097,-79.2353,2.79,95,100,4.12,U,1675829333
65,bredasdorp,-34.5322,20.0403,18.06,82,6,2.96,Z,1675829452
66,westport,41.1415,-73.3579,4.88,88,100,2.06,U,1675829205
67,edea,3.8,10.1333,24.23,93,64,0.65,C,1675829453
68,kruisfontein,-34.0033,24.7314,18.27,82,99,1.64,Z,1675829453
69,guanare,9.0418,-69.7421,24.86,60,90,1.18,V,1675829454
70,thompson,55.7435,-97.8558,-17.93,100,96,1.14,C,1675829454
71,jumla,29.2747,82.1838,9.22,19,0,1.8,N,1675829454
72,crawfordsville,40.0411,-86.8745,3.24,80,56,1.54,U,1675829404
73,polson,47.6936,-114.1632,3.73,79,100,3.13,U,1675829455
74,los llanos de aridane,28.6585,-17.9182,12.86,55,20,2.57,E,1675829455
75,guisa,20.255,-76.5386,19.15,93,2,2.05,C,1675829455
76,norman wells,65.282,-126.8329,-19.95,97,94,0.67,C,1675829442
77,taicheng,38.731,113.228,0.3,44,100,2.75,C,1675829456
78,vestmannaeyjar,63.4427,-20.2734,-0.27,65,100,16.07,I,1675829456
79,eyl,7.9803,49.8164,25.16,70,100,5.87,S,1675829457
80,libenge,3.65,18.6333,20.17,26,21,1.49,C,1675829457
81,aitape,-3.1374,142.3475,25.38,93,100,4.62,P,1675829457
82,kathu,7.9178,98.3332,29.9,66,45,3.32,T,1675829458
83,ancud,-41.8697,-73.8203,12.96,95,2,1.9,C,1675829458
84,dongsheng,39.8161,109.9776,-2.46,41,100,4.59,C,1675829459
85,padang,-0.9492,100.3543,30.03,58,89,1.79,I,1675829459
86,felipe carrillo puerto,19.5833,-88.05,22.3,90,2,1.94,M,1675829305
87,uglovskoye,51.3557,80.1942,-16.7,98,100,1.34,R,1675829459
88,hithadhoo,-0.6,73.0833,27.37,73,13,3.16,M,1675829460
89,lithakia,37.7167,20.8333,-3.35,59,99,2.81,G,1675829460
90,culaba,11.6578,124.5425,27.88,69,100,4.31,P,1675829461
91,arman,59.7,150.1667,-22.77,78,32,3.33,R,1675829461
92,ukiah,39.1502,-123.2078,9.8,84,0,0.0,U,1675829237
93,bambous virieux,-20.3428,57.7575,27.14,78,40,5.14,M,1675829463
94,hirara,24.8,125.2833,20.99,74,88,7.85,J,1675829464
95,port alfred,-33.5906,26.891,20.1,90,100,1.79,Z,1675829465
96,hobyo,5.3505,48.5268,25.41,67,95,6.75,S,1675829185
97,metro,-5.1131,105.3067,29.58,68,89,2.49,I,1675829170
98,kailua,21.4022,-157.7394,25.99,82,28,2.24,U,1675829209
99,port hardy,50.6996,-127.4199,4.1,93,75,2.57,C,1675829468
100,saint anthony,45.0205,-93.218,-1.04,79,0,3.09,U,1675829469
101,hvolsvollur,63.7533,-20.2243,-3.06,76,100,11.55,I,1675829469
102,butaritari,3.0707,172.7902,27.41,80,100,9.67,K,1675829470
103,korhogo,9.45,-5.6333,23.97,63,85,2.11,C,1675829471
104,gaogou,34.0175,119.1886,10.84,47,100,6.07,C,1675829472
105,vaini,-21.2,-175.2,25.09,100,75,2.57,T,1675829472
106,menongue,-14.6585,17.691,16.24,81,100,1.43,A,1675829473
107,georgetown,5.4112,100.3354,29.96,66,20,4.12,M,1675829305
108,chuy,-33.6971,-53.4616,20.37,84,14,2.78,U,1675829476
109,otane,-39.8833,176.6333,23.89,45,31,3.96,N,1675829377
110,mahebourg,-20.4081,57.7,27.16,78,40,5.14,M,1675829477
111,pevek,69.7008,170.3133,-30.35,97,100,1.64,R,1675829478
112,tiksi,71.6872,128.8694,-37.26,99,98,2.7,R,1675829478
113,nichlaul,27.3167,83.7333,20.0,50,0,2.35,I,1675829349
114,quang ngai,15.1167,108.8,27.04,75,66,2.5,V,1675829481
115,pirgos,35.1167,25.7178,5.9,75,63,10.23,G,1675829482
116,san quintin,30.4833,-115.95,14.45,52,0,0.23,M,1675829319
117,landerneau,48.4525,-4.2525,2.42,89,0,1.54,F,1675829483
118,vigia,-0.8583,-48.1417,24.11,92,100,2.25,B,1675829336
119,whitecourt,54.1502,-115.6855,-2.13,95,100,0.3,C,1675829485
120,zaragoza,41.6561,-0.8773,5.57,86,75,1.34,E,1675829203
121,chokurdakh,70.6333,147.9167,-37.27,99,100,1.55,R,1675829486
122,wuan,31.6836,112.0044,8.01,90,100,3.45,C,1675829486
123,rovaniemi,66.5,25.7167,-2.33,86,0,6.17,F,1675829487
124,cabo san lucas,22.8909,-109.9124,20.28,44,84,2.07,M,1675829445
125,thinadhoo,0.5333,72.9333,27.16,74,25,2.98,M,1675829488
126,olot,42.181,2.4901,5.6,95,100,1.42,E,1675829490
127,saint george,37.1041,-113.5841,7.75,51,0,2.57,U,1675829491
128,grants,35.1473,-107.8514,-5.87,93,0,0.0,U,1675829492
129,kodiak,57.79,-152.4072,-5.27,63,0,7.72,U,1675829492
130,palu,-0.8917,119.8707,24.81,93,100,0.33,I,1675829493
131,susangerd,31.5608,48.1831,11.55,56,0,1.33,I,1675829494
132,ribeira grande,38.5167,-28.7,12.65,65,45,3.13,P,1675829494
133,hilo,19.7297,-155.09,24.04,91,100,3.09,U,1675829495
134,mar del plata,-38.0023,-57.5575,23.38,94,5,7.15,A,1675829209
135,chiungutwa,-10.8833,38.9833,21.87,97,100,1.19,T,1675829496
136,zabol,32.25,67.25,1.96,70,100,3.32,A,1675829496
137,fairbanks,64.8378,-147.7164,-14.0,81,100,1.54,U,1675829432
138,massaguet,12.4755,15.4365,21.19,20,100,6.13,T,1675829497
139,ostrovnoy,68.0531,39.5131,-1.61,79,10,8.9,R,1675829455
140,upernavik,72.7868,-56.1549,-30.59,95,47,1.81,G,1675829280
141,codrington,-38.2667,141.9667,19.23,59,63,6.44,A,1675829497
142,torbay,47.6666,-52.7314,-2.56,87,100,8.94,C,1675829498
143,deniliquin,-35.5333,144.9667,32.99,21,0,2.05,A,1675829498
144,ahipara,-35.1667,173.1667,21.85,59,22,4.04,N,1675829499
145,olafsvik,64.8945,-23.7142,-2.34,56,100,13.21,I,1675829499
146,saint-augustin,51.226,-58.6502,-19.37,89,30,2.31,C,1675829499
147,starosubkhangulovo,53.1031,57.4423,-21.14,100,96,0.83,R,1675829500
148,zlobin,45.2924,14.6541,-3.45,56,0,8.23,H,1675829500
149,saldanha,-33.0117,17.9442,17.47,89,0,4.65,Z,1675829500
150,manokwari,-0.8667,134.0833,26.51,82,100,1.12,I,1675829501
151,dzhankoy,45.7167,34.4,-1.49,67,100,8.8,U,1675829501
152,isangel,-19.55,169.2667,27.5,76,94,1.18,V,1675829267
153,bondo,3.8146,23.6866,18.54,34,35,1.37,C,1675829502
154,eydhafushi,5.1033,73.0708,27.07,68,45,3.14,M,1675829502
155,chara,56.9064,118.2631,-19.22,72,82,1.29,R,1675829433
156,provideniya,64.3833,-173.3,-19.94,71,100,3.0,R,1675829271
157,airai,-8.9266,125.4092,20.94,80,82,1.58,T,1675829503
158,tasiilaq,65.6145,-37.6368,-17.91,42,0,9.77,G,1675829503
159,olinda,-8.0089,-34.8553,23.85,73,20,0.0,B,1675829359
160,bathsheba,13.2167,-59.5167,25.34,83,40,5.66,B,1675829504
161,broken hill,-31.95,141.4333,31.46,14,0,5.33,A,1675829504
162,ust-ilimsk,58.0006,102.6619,-10.91,92,100,2.41,R,1675829358
163,west fargo,46.875,-96.9004,-1.97,88,0,5.14,U,1675829504
164,independencia,-5.3964,-40.3086,21.85,56,91,0.89,B,1675829505
165,larap,14.299,122.6504,27.67,71,100,4.98,P,1675829505
166,innisfail,-17.5333,146.0333,28.11,88,100,4.91,A,1675829310
167,dodge city,37.7528,-100.0171,3.45,69,0,1.54,U,1675829212
168,cartagena,10.3997,-75.5144,25.79,78,0,3.09,C,1675829506
169,jeremie,18.65,-74.1167,24.86,76,16,4.05,H,1675829506
170,linda,39.1277,-121.5508,11.93,79,0,2.57,U,1675829507
171,new norfolk,-42.7826,147.0587,19.39,39,5,0.89,A,1675829507
172,lexington,37.9887,-84.4777,13.52,78,100,2.57,U,1675829493
173,labuhan,-6.8844,112.2051,25.55,87,100,2.96,I,1675829507
174,makurdi,7.7411,8.5121,24.31,18,18,2.32,N,1675829508
175,alice springs,-23.7,133.8833,34.75,31,40,6.69,A,1675829508
176,walvis bay,-22.9575,14.5053,18.94,89,43,1.02,N,1675829508
177,dingle,10.9995,122.6711,27.94,70,100,7.48,P,1675829509
178,touros,-5.1989,-35.4608,25.09,75,100,5.39,B,1675829509
179,ketchikan,55.3422,-131.6461,1.91,92,100,1.98,U,1675829510
180,tazovskiy,67.4667,78.7,-22.79,98,100,4.24,R,1675829510
181,portland,45.5234,-122.6762,7.66,88,0,2.68,U,1675829134
182,hede,33.7681,120.2517,9.21,51,96,6.33,C,1675829511
183,balikpapan,-1.2675,116.8289,29.55,70,75,3.09,I,1675829511
184,mabaruma,8.2,-59.7833,21.63,99,25,1.02,G,1675829511
185,bitung,1.4451,125.1824,24.47,84,100,2.91,I,1675829359
186,shizunai,42.3339,142.3669,-1.67,55,92,4.67,J,1675829512
187,sinnamary,5.3833,-52.95,23.96,91,70,4.19,G,1675829512
188,skjervoy,70.0311,20.9714,3.0,66,47,8.31,N,1675829513
189,bengkulu,-3.8004,102.2655,29.4,55,74,3.85,I,1675829257
190,beloha,-25.1667,45.05,23.6,74,100,3.04,M,1675829233
191,antalaha,-14.9003,50.2788,24.19,87,89,2.05,M,1675829513
192,conceicao do araguaia,-8.2578,-49.2647,22.49,95,87,1.22,B,1675829514
193,pemangkat,1.1667,108.9667,27.65,76,94,2.65,I,1675829514
194,luanda,-8.8368,13.2343,24.27,81,100,3.21,A,1675829514
195,maturin,9.75,-63.1767,21.02,97,8,2.29,V,1675829074
196,port elizabeth,-33.918,25.5701,19.62,92,100,1.79,Z,1675829515
197,mayo,38.8876,-76.5119,10.49,83,0,2.57,U,1675829481
198,kemijarvi,66.7131,27.4306,-7.39,94,11,2.94,F,1675829515
199,owando,-0.4819,15.8999,21.48,80,40,1.29,C,1675829516
200,ocos,14.5094,-92.1933,21.1,71,12,1.49,G,1675829516
201,nalut,30.3333,10.85,13.56,42,97,4.69,L,1675829469
202,ambilobe,-13.2,49.05,23.34,93,100,0.97,M,1675829479
203,sitka,57.0531,-135.33,1.94,80,75,0.0,U,1675829517
204,caravelas,-17.7125,-39.2481,24.59,84,28,2.86,B,1675829517
205,nabire,-3.3667,135.4833,27.57,72,100,1.24,I,1675829517
206,puerto madryn,-42.7692,-65.0385,19.29,54,0,2.29,A,1675829518
207,barrow,71.2906,-156.7887,-18.99,78,100,3.09,U,1675829518
208,whitehorse,60.7161,-135.0538,-12.02,95,83,2.27,C,1675829443
209,vao,-22.6667,167.4833,26.8,71,41,6.2,N,1675829519
210,kaitangata,-46.2817,169.8464,14.92,49,21,6.62,N,1675829519
211,carnarvon,-24.8667,113.6333,30.36,49,3,6.56,A,1675829519
212,kendari,-3.945,122.4989,31.02,60,97,2.31,I,1675829520
213,klaksvik,62.2266,-6.589,7.74,82,100,25.55,F,1675829520
214,hualmay,-11.0964,-77.6139,22.39,86,26,2.44,P,1675829520
215,omagh,54.6,-7.3,4.95,97,34,4.42,G,1675829521
216,necochea,-38.5473,-58.7368,22.25,77,14,6.01,A,1675829521
217,imeni poliny osipenko,52.4201,136.4853,-21.92,84,46,3.33,R,1675829522
218,asau,46.4333,26.4,-5.49,96,98,2.27,R,1675829329
219,gat,31.61,34.7642,9.49,100,44,6.11,I,1675829329
220,cherskiy,68.75,161.3,-32.86,95,100,2.49,R,1675829527
221,santa isabel do rio negro,-0.4139,-65.0192,22.75,96,40,0.69,B,1675829530
222,longyearbyen,78.2186,15.6401,-5.09,68,40,4.12,S,1675829531
223,tambo,-14.8,-73.9167,3.42,90,99,1.67,P,1675829532
224,ilheus,-14.7889,-39.0494,23.23,85,6,1.91,B,1675829533
225,nikolsk,53.7189,46.0712,-20.32,100,100,1.51,R,1675829536
226,luderitz,-26.6481,15.1594,18.2,83,17,8.17,N,1675829537
227,severo-kurilsk,50.6789,156.125,-4.35,70,20,4.12,R,1675829538
228,ilulissat,69.2167,-51.1,-26.99,76,75,2.57,G,1675829539
229,narrabri,-30.3167,149.7833,31.96,39,0,1.34,A,1675829539
230,korla,41.7597,86.1469,0.52,77,13,1.83,C,1675829338
231,tilichiki,60.4667,166.1,-28.49,90,63,4.3,R,1675829540
232,muros,42.7762,-9.0603,5.61,81,28,6.9,E,1675829541
233,chimbote,-9.0853,-78.5783,21.94,82,24,2.21,P,1675829405
234,port blair,11.6667,92.75,28.02,69,40,4.63,I,1675829336
235,celestun,20.8667,-90.4,25.26,71,17,6.7,M,1675829544
236,khasan,42.4308,130.6434,-1.59,41,1,7.49,R,1675829545
237,sept-iles,50.2001,-66.3821,-5.53,87,100,4.02,C,1675829546
238,kharan,28.5833,65.4167,17.7,26,23,0.88,P,1675829547
239,safford,32.834,-109.7076,7.84,48,0,3.09,U,1675829555
240,abu samrah,35.3029,37.1841,2.01,79,54,1.68,S,1675829555
241,esfarayen,37.0765,57.5101,4.81,65,93,0.99,I,1675829556
242,sobolevo,54.4299,31.8996,-15.37,99,66,2.05,R,1675829556
243,chaman,30.9236,66.4512,11.99,32,90,1.83,P,1675829557
244,lorengau,-2.0226,147.2712,25.99,91,100,9.71,P,1675829557
245,jutai,-5.1833,-68.9,22.85,98,100,0.57,B,1675829558
246,cairns,-16.9167,145.7667,32.81,90,100,2.57,A,1675829558
247,san carlos de bariloche,-41.1456,-71.3082,14.02,70,0,2.16,A,1675829351
248,rio grande,-32.035,-52.0986,23.34,72,0,6.68,B,1675829559
249,kavieng,-2.5744,150.7967,27.64,78,100,4.11,P,1675829560
250,atambua,-9.1061,124.8925,27.74,72,56,2.17,I,1675829560
251,valparaiso,-33.0393,-71.6273,15.8,94,0,3.09,C,1675829560
252,biak,-0.9131,122.8766,25.62,79,100,3.16,I,1675829561
253,salvador,13.8333,-88.9167,22.81,57,39,1.09,S,1675829561
254,saskylakh,71.9167,114.0833,-33.95,100,100,0.53,R,1675829540
255,den helder,52.9599,4.7593,-0.01,88,49,2.57,N,1675829562
256,lata,40.1629,-8.3327,5.12,85,37,3.02,P,1675829562
257,caruray,10.3094,119.0128,29.09,63,100,4.13,P,1675829562
258,pochutla,15.7432,-96.4661,23.23,64,0,1.95,M,1675829563
259,san patricio,28.017,-97.5169,22.16,88,93,5.26,U,1675829563
260,harnosand,62.6323,17.9379,-7.0,90,45,2.14,S,1675829564
261,shakawe,-18.3667,21.85,18.98,97,99,2.39,B,1675829564
262,christchurch,-43.5333,172.6333,23.56,54,20,6.69,N,1675829400
263,custodia,-8.0875,-37.6431,19.11,76,91,2.05,B,1675829564
264,plouzane,48.3833,-4.6167,2.03,84,0,3.09,F,1675829565
265,kuala selangor,3.35,101.25,33.66,66,83,1.0,M,1675829552
266,asosa,10.0667,34.5333,16.79,40,5,2.7,E,1675829565
267,hovd,48.0056,91.6419,-14.54,74,98,1.18,M,1675829566
268,acarau,-2.8856,-40.12,25.25,83,100,3.77,B,1675829566
269,brae,60.3964,-1.353,6.8,73,100,13.47,G,1675829566
270,margate,51.3813,1.3862,4.01,68,50,1.18,G,1675829410
271,uyuni,-20.4597,-66.825,9.0,73,96,1.37,B,1675829567
272,katsuura,35.1333,140.3,10.21,68,97,8.39,J,1675829567
273,mount gambier,-37.8333,140.7667,23.11,45,12,5.48,A,1675829568
274,hinton,53.4001,-117.5857,-1.71,98,100,0.18,C,1675829568
275,rongcheng,30.634,117.8517,9.47,79,100,3.95,C,1675829568
276,erenhot,43.6475,111.9767,-6.27,47,100,1.46,C,1675829569
277,findlay,41.0442,-83.6499,2.72,88,100,4.63,U,1675829281
278,dzaoudzi,-12.7887,45.2699,26.94,89,75,2.06,Y,1675829569
279,yatou,37.15,122.3833,4.06,50,92,5.56,C,1675829570
280,tomatlan,19.9333,-105.25,17.93,88,0,1.24,M,1675829570
281,south sioux city,42.4739,-96.4136,-1.11,78,0,2.57,U,1675829570
282,tonantins,-2.8731,-67.8022,23.16,99,98,0.41,B,1675829571
283,sao filipe,14.8961,-24.4956,20.04,69,25,4.6,C,1675829571
284,iskateley,67.6803,53.1512,0.58,83,88,10.31,R,1675829571
285,hamilton,39.1834,-84.5333,10.6,90,100,2.57,U,1675829448
286,sivaki,52.6333,126.75,-21.08,79,18,2.65,R,1675829572
287,kaseda,31.4167,130.3167,14.78,50,31,6.37,J,1675829572
288,alto araguaia,-17.3147,-53.2153,19.79,93,73,1.88,B,1675829573
289,aranos,-24.1333,19.1167,20.59,72,73,2.38,N,1675829573
290,phan thiet,10.9333,108.1,30.65,54,12,5.11,V,1675829573
291,monaco-ville,43.731,7.4248,6.47,50,0,6.17,F,1675829574
292,ixtapa,20.7,-105.2,21.24,83,0,0.0,M,1675829381
293,faanui,-16.4833,-151.75,27.22,72,25,5.21,P,1675829574
294,geraldton,-28.7667,114.6,33.23,35,0,3.6,A,1675829574
295,sovetskiy,61.3614,63.5842,-18.13,96,100,3.22,R,1675829575
296,otradnoye,59.7775,30.8181,-0.97,86,100,4.32,R,1675829575
297,narsaq,60.9167,-46.05,-20.88,66,16,4.1,G,1675829575
298,bethel,41.3712,-73.414,3.2,85,75,0.0,U,1675829576
299,turukhansk,65.8167,87.9833,-16.14,96,100,2.4,R,1675829576
300,verkhnevilyuysk,63.4453,120.3167,-34.09,95,100,0.2,R,1675829576
301,namibe,-15.1961,12.1522,20.72,77,95,2.55,A,1675829577
302,nara,34.6851,135.8049,12.5,44,54,5.04,J,1675829577
303,broome,42.2506,-75.833,3.81,82,75,4.63,U,1675829507
304,palana,59.1167,159.9667,-23.93,97,97,4.81,R,1675829578
305,rivadavia,-33.1905,-68.4608,29.24,27,13,4.08,A,1675829578
306,bac lieu,9.285,105.7244,28.96,64,20,7.08,V,1675829578
307,sorong,-0.8833,131.25,26.92,80,100,2.97,I,1675829579
308,santiago,-33.4569,-70.6483,24.92,50,0,1.03,C,1675829346
309,vilhena,-12.7406,-60.1458,19.8,98,53,0.93,B,1675829444
310,ho chi minh city,10.75,106.6667,32.01,58,40,4.12,V,1675829396
311,fergus falls,46.283,-96.0776,-3.8,91,0,2.06,U,1675829579
312,massarosa,43.8676,10.3397,3.43,58,1,2.77,I,1675829580
313,melnik,50.3505,14.4741,-5.38,79,2,2.3,C,1675829580
314,kilindoni,-7.9139,39.6668,27.24,78,100,4.84,T,1675829580
315,esperance,-33.8667,121.9,22.28,64,71,5.54,A,1675829581
316,gao,16.6362,1.637,22.9,15,89,5.16,M,1675829581
317,araouane,18.9048,-3.5265,18.3,20,1,5.4,M,1675829582
318,hopelchen,19.7667,-89.85,22.84,82,0,2.37,M,1675829583
319,sibolga,1.7427,98.7792,29.02,56,100,0.66,I,1675829584
320,north platte,41.1239,-100.7654,-1.46,87,0,1.34,U,1675829585
321,tocopilla,-22.092,-70.1979,22.91,80,20,1.17,C,1675829513
322,wajima,37.4,136.9,4.86,85,100,7.11,J,1675829587
323,nongstoin,25.5167,91.2667,15.62,41,96,2.59,I,1675829588
324,binzhou,37.3667,118.0167,5.88,33,100,4.58,C,1675829589
325,hillsborough,37.5741,-122.3794,12.06,75,20,2.06,U,1675829592
326,dunedin,-45.8742,170.5036,16.06,48,63,7.89,N,1675829593
327,maneadero,31.7167,-116.5667,14.1,39,0,3.1,M,1675829404
328,minna,9.6139,6.5569,23.91,19,86,3.55,N,1675829595
329,jalu,29.0331,21.5482,8.74,61,81,2.77,L,1675829595
330,xiantao,30.3833,113.4,9.53,86,100,4.55,C,1675829597
331,kavaratti,10.5669,72.642,26.69,71,93,5.59,I,1675829598
332,lakes entrance,-37.8811,147.981,20.09,63,31,4.58,A,1675829600
333,richards bay,-28.783,32.0377,22.65,94,33,3.5,Z,1675829336
334,matagami,49.7502,-77.6328,-12.33,88,99,5.75,C,1675829602
335,fortuna,40.5982,-124.1573,9.51,86,100,2.57,U,1675829605
336,flin flon,54.7682,-101.865,-7.05,92,13,2.87,C,1675829606
337,jambi,-1.6,103.6167,31.29,57,99,2.0,I,1675829608
338,okha,53.5739,142.9478,-23.07,80,100,4.95,R,1675829608
339,kourou,5.1552,-52.6478,25.03,93,95,3.02,G,1675829610
340,gonc,48.4667,21.2833,-2.14,89,70,3.52,H,1675829611
341,vestmanna,62.1564,-7.1664,6.64,83,100,24.5,F,1675829613
342,kouango,4.9934,19.9619,22.86,21,16,1.14,C,1675829614
343,inuvik,68.3499,-133.7218,-28.17,97,100,2.47,C,1675829615
344,paita,-5.0892,-81.1144,24.2,81,78,3.65,P,1675829615
345,kongwa,-6.2,36.4167,17.84,95,99,0.76,T,1675829616
346,clacton-on-sea,51.7897,1.156,-0.58,71,40,1.39,G,1675829617
347,sami,13.5833,-15.2,22.14,19,20,3.21,G,1675829617
348,port lincoln,-34.7333,135.8667,24.39,53,33,4.11,A,1675829618
349,malinovoye ozero,51.6753,79.7825,-16.27,96,99,1.19,R,1675829618
350,gasa,31.5,34.4667,7.71,54,82,9.58,P,1675829618
351,nemuro,43.3236,145.575,-3.24,57,25,1.34,J,1675829619
352,zhanaozen,43.3,52.8,1.82,79,97,6.95,K,1675829619
353,amzya,56.2354,54.3868,-21.3,100,100,1.44,R,1675829620
354,juneau,58.3019,-134.4197,1.23,97,100,1.54,U,1675829620
355,stornoway,58.2093,-6.3865,7.98,79,100,18.52,G,1675829621
356,bremerton,47.5673,-122.6326,7.69,84,0,7.2,U,1675829621
357,barcelos,41.5388,-8.6151,10.08,73,83,5.92,P,1675829621
358,jacqueville,5.2052,-4.4146,26.05,86,58,2.72,C,1675829622
359,mukhen,48.1,136.1,-16.25,64,4,4.09,R,1675829542
360,kenai,60.5544,-151.2583,-2.7,82,100,8.75,U,1675829622
361,knysna,-34.0363,23.0471,19.29,86,100,2.5,Z,1675829623
362,lourdes,43.1,-0.05,1.51,93,24,1.54,F,1675829623
363,buchanan,5.8808,-10.0467,25.09,92,100,2.14,L,1675829623
364,arraial do cabo,-22.9661,-42.0278,23.7,92,100,2.26,B,1675829371
365,champerico,14.3,-91.9167,25.31,71,6,1.49,G,1675829624
366,kumluca,36.3703,30.2869,3.34,46,4,4.81,T,1675829624
367,wenling,28.3669,121.36,9.97,77,100,5.16,C,1675829565
368,husavik,66.0449,-17.3389,-4.83,73,87,7.83,I,1675829625
369,campo verde,-20.4167,-54.0667,21.08,94,84,1.21,B,1675829443
370,northam,51.0333,-4.2167,2.56,90,0,3.11,G,1675829625
371,zlatoust,55.1711,59.6508,-19.0,100,84,1.4,R,1675829626
372,gladstone,-23.85,151.25,30.44,51,100,9.77,A,1675829534
373,rurrenabaque,-14.4413,-67.5278,22.3,99,100,0.31,B,1675829626
374,san cristobal,7.7669,-72.225,20.1,78,12,0.74,V,1675829627
375,kudahuvadhoo,2.6708,72.8944,26.93,71,22,2.86,M,1675829627
376,omboue,-1.5746,9.2618,24.98,89,100,2.08,G,1675829627
377,coihaique,-45.5752,-72.0662,16.34,72,0,1.54,C,1675829628
378,muisne,0.6,-80.0333,24.91,90,31,1.98,E,1675829628
379,hattiesburg,31.3271,-89.2903,18.18,98,100,2.57,U,1675829562
380,krasnoselkup,65.7,82.4667,-32.15,100,99,1.77,R,1675829629
381,tooele,40.5308,-112.2983,-1.04,74,0,3.6,U,1675829629
382,hasaki,35.7333,140.8333,11.22,70,100,9.41,J,1675829629
383,newala,-10.9431,39.2787,19.54,96,100,1.16,T,1675829630
384,porto torres,40.835,8.3972,3.1,79,22,6.5,I,1675829630
385,vondrozo,-22.8167,47.2833,19.6,96,100,0.72,M,1675829631
386,nampula,-15.1165,39.2666,21.35,97,99,1.35,M,1675829631
387,wajid,3.8093,43.2471,22.49,65,0,7.34,S,1675829631
388,nishihara,26.1842,127.7558,22.81,68,20,7.72,J,1675829632
389,shelburne,44.0787,-80.2041,1.18,95,100,6.04,C,1675829437
390,meulaboh,4.1363,96.1285,28.73,65,69,0.52,I,1675829632
391,chumikan,54.7183,135.315,-24.81,74,57,5.97,R,1675829545
392,kijang,35.2442,129.2139,11.45,23,17,3.16,K,1675829633
393,the pas,53.8251,-101.2541,-5.19,89,26,2.75,C,1675829422
394,bud,39.447,-86.1758,7.12,82,80,2.71,U,1675829633
395,fort nelson,58.8053,-122.7002,-13.91,97,20,1.54,C,1675829634
396,marzuq,14.4,46.4667,17.99,46,18,2.39,Y,1675829634
397,ouadda,8.0777,22.4007,21.36,16,23,4.23,C,1675829635
398,slavutych,51.5196,30.7343,-11.1,96,10,1.61,U,1675829635
399,maple creek,49.9168,-109.4848,1.8,73,99,5.62,C,1675829635
400,saint-francois,46.4154,3.9054,-5.74,93,1,1.54,F,1675829636
401,camacha,33.0833,-16.3333,12.68,77,40,6.69,P,1675829636
402,jijiga,9.35,42.8,15.15,67,4,3.34,E,1675829636
403,bakchar,57.0186,82.0711,-16.27,95,87,2.04,R,1675829637
404,dhanwar,24.4167,85.9833,22.92,36,0,2.55,I,1675829637
405,redmond,47.674,-122.1215,7.97,83,42,2.68,U,1675829367
406,manggar,-2.8833,108.2667,29.0,69,100,2.53,I,1675829638
407,praia da vitoria,38.7333,-27.0667,12.64,77,93,5.44,P,1675829383
408,pocoes,-14.5297,-40.3653,16.63,98,16,1.73,B,1675829638
409,amapa,1.0,-52.0,22.16,99,100,1.06,B,1675829395
410,chihuahua,28.5,-106.0,5.67,25,0,5.45,M,1675829588
411,shenjiamen,29.9576,122.298,9.82,76,94,5.37,C,1675829639
412,boyolangu,-8.1181,111.8935,25.86,83,100,1.82,I,1675829447
413,la orilla,17.9833,-102.2333,22.65,84,0,1.36,M,1675829639
414,itaituba,-4.2761,-55.9836,22.94,99,100,0.53,B,1675829640
415,faya,18.3851,42.4509,8.29,54,5,1.35,S,1675829640
416,wattegama,6.7989,81.4808,27.69,66,95,4.32,L,1675829640
417,trapani,37.8333,12.6667,5.15,72,100,3.3,I,1675829641
418,tura,25.5198,90.2201,23.22,33,88,0.54,I,1675829641
419,sioux lookout,50.1001,-91.917,-10.73,96,47,2.48,C,1675829642
420,sarangani,5.4033,125.4636,27.07,69,95,0.71,P,1675829643
421,aksha,50.2814,113.2867,-10.51,67,29,1.53,R,1675829644
422,kano,12.0001,8.5167,19.38,22,92,3.64,N,1675829645
423,tutoia,-2.7619,-42.2744,24.34,88,100,2.45,B,1675829646
424,karratha,-20.7377,116.8463,35.55,37,35,6.21,A,1675829650
425,orange cove,36.6244,-119.3137,11.45,93,0,0.0,U,1675829651
426,atherton,53.5237,-2.4935,5.02,89,55,1.34,G,1675829652
427,iquique,-20.2208,-70.1431,22.02,80,14,0.48,C,1675829639
428,arlit,18.7369,7.3853,20.47,17,100,1.7,N,1675829653
429,temir,49.1414,57.13,-16.33,93,9,6.33,K,1675829654
430,karwar,14.8,74.1333,27.04,40,96,0.98,I,1675829655
431,sur,22.5667,59.5289,24.26,48,58,2.71,O,1675829655
432,san rafael del sur,11.8485,-86.4384,24.7,72,39,7.31,N,1675829657
433,marawi,7.9986,124.2928,26.21,57,74,3.21,P,1675829662
434,flinders,-34.5833,150.8552,21.77,89,100,1.34,A,1675829663
435,maloy,61.9353,5.1136,6.85,74,93,14.95,N,1675829664
436,torrijos,39.9819,-4.2835,4.48,78,100,6.42,E,1675829665
437,anage,-14.6122,-41.1356,20.25,85,3,1.1,B,1675829665
438,saint-pierre,-21.3393,55.4781,27.82,69,0,10.8,R,1675829666
439,bergama,39.1207,27.1805,-2.09,80,31,3.25,T,1675829669
440,constitucion,-35.3333,-72.4167,15.73,66,0,4.1,C,1675829595
441,troitsko-pechorsk,62.7084,56.1964,-9.57,94,100,4.16,R,1675829674
442,poum,-20.2333,164.0167,26.94,84,100,8.94,N,1675829675
443,ruston,32.5232,-92.6379,15.88,94,100,0.0,U,1675829675
444,lavrentiya,65.5833,-171.0,-26.28,92,97,1.46,R,1675829604
445,plainview,40.7765,-73.4673,4.92,89,100,3.09,U,1675829676
446,wanning,18.8003,110.3967,25.35,76,32,3.71,C,1675829676
447,chatellerault,46.8,0.5333,-1.6,8,4,3.06,F,1675829677
448,nadym,65.5333,72.5167,-17.54,89,100,7.69,R,1675829677
449,sydney,-33.8679,151.2073,28.12,71,51,3.13,A,1675828999
450,qandala,11.472,49.8728,24.31,77,64,1.38,S,1675829678
451,tessalit,20.1986,1.0114,19.27,14,54,4.03,M,1675829678
452,mumbwa,-14.9783,27.0619,17.33,99,100,2.4,Z,1675829679
453,yulara,-25.2406,130.9889,37.87,15,0,4.58,A,1675829395
454,seoul,37.5683,126.9778,7.66,28,0,2.96,K,1675829537
455,south venice,27.0531,-82.4243,20.01,79,40,5.14,U,1675829680
456,mogadishu,2.0371,45.3438,24.69,83,18,6.84,S,1675829680
457,grand gaube,-20.0064,57.6608,27.22,78,20,2.24,M,1675829680
458,ayan,56.45,138.1667,-26.04,58,30,2.73,R,1675829681
459,velyka bilozerka,47.2776,34.7062,-6.15,68,99,8.46,U,1675829681
460,linguere,15.3953,-15.1193,22.34,18,89,5.0,S,1675829681
461,makakilo city,21.3469,-158.0858,25.18,70,20,7.72,U,1675829497
462,saint-georges,12.0564,-61.7485,24.82,83,75,4.63,G,1675829682
463,port hawkesbury,45.6169,-61.3485,-2.45,83,78,3.58,C,1675829682
464,roald,62.5833,6.1333,8.08,49,84,11.83,N,1675829683
465,san andres,12.5847,-81.7006,27.01,78,40,7.2,C,1675829683
466,qaqortoq,60.7167,-46.0333,-25.44,68,10,3.76,G,1675829683
467,athabasca,54.7169,-113.2854,-7.08,89,91,2.02,C,1675829684
468,sinjar,36.3209,41.8754,1.48,64,70,1.71,I,1675829684
469,riyadh,24.6877,46.7219,12.08,42,19,2.3,S,1675829022
470,bilibino,68.0546,166.4372,-37.13,100,100,0.97,R,1675829685
471,mareeba,-17.0,145.4333,30.24,74,91,1.81,A,1675829685
472,wasilla,61.5814,-149.4394,-2.26,84,100,1.54,U,1675829685
473,emba,48.8264,58.1442,-15.34,91,48,6.55,K,1675829686
474,mezen,65.8522,44.24,0.53,92,90,4.77,R,1675829686
475,naze,28.3667,129.4833,16.36,65,86,6.54,J,1675829687
476,charleston,32.7766,-79.9309,13.34,85,100,1.54,U,1675828818
477,lesogorskiy,61.0455,28.9294,3.09,94,100,2.99,R,1675829687
478,umm kaddadah,13.6017,26.6876,13.26,25,11,8.25,S,1675829688
479,sisimiut,66.9395,-53.6735,-25.52,96,97,3.51,G,1675829688
480,tateyama,34.9833,139.8667,10.25,66,97,6.51,J,1675829688
481,tommot,58.9564,126.2925,-25.25,87,100,2.4,R,1675829689
482,panshi,42.9422,126.0561,-6.44,70,4,4.24,C,1675829689
483,rincon,32.296,-81.2354,13.25,82,20,0.0,U,1675829689
484,storforshei,66.4043,14.5233,4.88,65,100,2.57,N,1675829690
485,bandarbeyla,9.4942,50.8122,25.23,71,99,5.85,S,1675829690
486,kuminskiy,58.6667,66.5667,-24.77,100,97,1.85,R,1675829690
487,kirakira,-10.4544,161.9205,27.81,84,100,4.15,S,1675829691
488,dembi dolo,8.5333,34.8,15.57,35,8,2.26,E,1675829691
489,coquimbo,-29.9533,-71.3436,17.85,88,100,2.57,C,1675829692
490,santa maria,-29.6842,-53.8069,21.29,61,0,2.86,B,1675829692
491,kununurra,-15.7667,128.7333,36.99,44,4,3.6,A,1675829692
492,kuytun,54.3419,101.5036,-14.1,88,100,1.46,R,1675829693
493,nouadhibou,20.931,-17.0347,16.0,69,0,9.6,M,1675829693
494,marsabit,2.3284,37.9899,18.86,46,15,5.17,K,1675829694
495,newport,51.5877,-2.9984,2.81,88,1,1.37,G,1675829690
496,veraval,20.9,70.3667,24.28,47,6,3.68,I,1675829694
497,teguise,29.0605,-13.564,13.12,72,0,0.51,E,1675829694
498,sechura,-5.5569,-80.8222,24.52,75,78,4.25,P,1675829695
499,carnduff,49.1667,-101.8009,-2.01,89,100,4.37,C,1675829695
500,beringovskiy,63.05,179.3167,-28.98,95,69,3.45,R,1675829695
501,alekseyevka,50.6309,38.6903,-10.91,91,6,5.08,R,1675829696
502,palauig,15.435,119.9045,28.69,66,100,3.04,P,1675829696
503,murray bridge,-35.1167,139.2667,32.41,30,12,5.33,A,1675829697
504,southbridge,42.0751,-72.0334,1.06,95,100,2.24,U,1675829697
505,aden,12.7794,45.0367,24.42,69,15,4.28,Y,1675829697
506,dilla,6.41,38.31,14.83,42,3,1.72,E,1675829698
507,changji,44.0167,87.3167,-6.56,93,75,1.0,C,1675829698
508,pisco,-13.7,-76.2167,23.03,83,0,4.12,P,1675829698
509,atar,20.5169,-13.0499,14.64,29,14,4.92,M,1675829699
510,begunitsy,59.5855,29.3176,-2.53,89,100,4.92,R,1675829699
511,lexington-fayette,38.0498,-84.4585,13.91,78,100,2.57,U,1675829548
512,rawson,-43.3002,-65.1023,18.26,59,1,2.11,A,1675829699
513,svetlaya,46.5389,138.3297,-7.19,44,30,6.04,R,1675829538
514,kaeo,-35.1,173.7833,25.18,63,31,3.77,N,1675829700
515,bontang,0.1333,117.5,25.73,74,99,1.93,I,1675829700
516,morant bay,17.8815,-76.4093,25.79,84,15,5.23,J,1675829701
517,san policarpo,12.1791,125.5072,27.61,70,100,7.1,P,1675829705
518,alpena,45.0617,-83.4327,2.18,75,100,3.09,U,1675829727
519,morro bay,35.3658,-120.8499,12.09,81,92,3.25,U,1675829729
520,priladozhskiy,59.85,31.4833,-2.48,1,100,4.8,R,1675829730
521,santa fe,-31.6333,-60.7,23.28,83,0,3.45,A,1675829559
522,cuyamel,15.6667,-88.2,25.09,91,29,0.87,H,1675829733
523,san jose,37.3394,-121.895,12.21,72,0,3.6,U,1675828981
524,mwene-ditu,-7.0,23.45,18.2,97,100,1.26,C,1675829734
525,ambanja,-13.6833,48.45,23.78,90,100,1.23,M,1675829735
526,artigas,-30.4,-56.4667,24.68,35,0,3.37,U,1675829735
527,te anau,-45.4167,167.7167,13.44,50,43,4.9,N,1675829438
528,tashtyp,52.7939,89.8983,-7.15,92,92,0.58,R,1675829736
529,mitsamiouli,-11.3847,43.2844,27.34,78,100,4.58,K,1675829736
530,tunapuna,10.6333,-61.3833,23.95,87,11,2.78,T,1675829737
531,nanyang,32.9947,112.5328,8.35,72,100,6.65,C,1675829737
532,manzhouli,49.6,117.4333,-14.46,84,23,2.37,C,1675829531
533,abaete,-19.16,-45.4458,20.72,90,80,1.17,B,1675829738
534,itoigawa,37.0333,137.85,5.01,96,89,4.84,J,1675829738
535,jasdan,22.0333,71.2,24.41,29,16,3.09,I,1675829739
536,haines junction,60.7522,-137.5108,-12.03,99,35,1.52,C,1675829489
537,huaiyuan,32.973,117.1995,11.81,38,82,7.16,C,1675829743
538,greensburg,40.3015,-79.5389,9.53,95,100,4.12,U,1675829699
539,svetlogorsk,52.6333,29.7333,-12.43,97,61,1.11,B,1675829743
540,sulam,32.6061,35.3341,7.76,71,76,6.64,I,1675829744
541,lompoc,34.6391,-120.4579,10.85,87,75,4.47,U,1675829633
542,aksu,41.1231,80.2644,-1.52,55,10,1.91,C,1675829730
543,kamaishi,39.2667,141.8833,3.41,69,98,3.15,J,1675829744
544,jablanica,43.6603,17.7617,-4.96,92,10,3.04,B,1675829745
545,weyburn,49.6668,-103.8511,-4.98,92,100,2.43,C,1675829742
546,todos santos,23.45,-110.2167,19.25,25,99,4.59,M,1675829690
547,takoradi,4.8845,-1.7554,25.32,87,98,2.13,G,1675829745
548,uruzgan,32.8333,66.0,3.33,79,91,3.05,A,1675829746
549,vytegra,61.0064,36.4481,-3.65,91,100,3.99,R,1675829746
550,ville-marie,47.3335,-79.433,-0.5,92,100,3.76,C,1675829747
551,alta,69.9689,23.2717,0.59,71,20,5.14,N,1675829747
552,sabha,27.0377,14.4283,11.01,41,97,6.02,L,1675829747
553,yerbogachen,61.2767,108.0108,-24.04,97,99,1.1,R,1675829537
554,tiko,4.0745,9.3699,26.0,85,83,0.65,C,1675829748
555,rosario,-32.9468,-60.6393,26.57,52,0,0.89,A,1675829748
556,gushikawa,26.3544,127.8686,22.77,68,40,4.63,J,1675829749
557,ponta delgada,37.7333,-25.6667,12.4,87,75,5.14,P,1675829749
558,ciudad ojeda,10.1964,-71.3082,26.33,70,30,2.76,V,1675829750
559,mulege,26.8833,-111.9833,14.66,43,10,3.91,M,1675829750
560,majene,-3.5403,118.9707,31.34,56,66,3.86,I,1675829751
561,wangou,42.0623,126.9127,-6.72,64,5,3.4,C,1675829751
562,zorgo,12.2489,-0.6158,25.22,15,69,4.27,B,1675829751
563,bulgan,48.8125,103.5347,-11.79,80,8,1.13,M,1675829752
564,susanville,40.4163,-120.653,-0.09,90,0,2.06,U,1675829752
565,guerrero negro,27.9769,-114.0611,16.17,35,0,3.14,M,1675829753
566,dawson creek,55.7666,-120.2362,-5.42,90,100,1.19,C,1675829753
567,barranca,-10.75,-77.7667,22.64,81,30,2.04,P,1675829754
568,san pedro,14.35,121.0167,31.57,65,75,3.6,P,1675829754
